{
    "uvs":[],
    "faces":[32,0,1,2,0,1,2,32,1,0,5,1,0,3,32,0,2,3,0,2,4,32,0,3,4,0,4,5,32,0,4,5,0,5,3,32,1,5,10,1,3,6,32,2,1,6,2,1,7,32,3,2,7,4,2,8,32,4,3,8,5,4,9,32,5,4,9,3,5,10,32,1,10,6,1,6,7,32,2,6,7,2,7,8,32,3,7,8,4,8,9,32,4,8,9,5,9,10,32,5,9,10,3,10,6,32,6,10,11,7,6,11,32,7,6,11,8,7,11,32,8,7,11,9,8,11,32,9,8,11,10,9,11,32,10,9,11,6,10,11],
    "vertices":[0.002671,-0.499972,0.001972,0.364471,-0.22358,0.264832,-0.135522,-0.22358,0.427292,-0.444542,-0.22358,0.001972,-0.135522,-0.22358,-0.423348,0.364471,-0.22358,-0.260888,0.140863,0.223635,0.427292,-0.359129,0.223635,0.264832,-0.359129,0.223635,-0.260888,0.140863,0.223635,-0.423348,0.449883,0.223635,0.001972,0.002671,0.500028,0.001972],
    "metadata":{
        "type":"Geometry",
        "version":3,
        "generator":"io_three",
        "faces":20,
        "vertices":12,
        "uvs":0,
        "normals":12
    },
    "normals":[0,-1,0,0.723594,-0.447188,0.525712,-0.276376,-0.447188,0.850642,0.723594,-0.447188,-0.525712,-0.894406,-0.447188,0,-0.276376,-0.447188,-0.850642,0.894406,0.447188,0,0.276376,0.447188,0.850642,-0.723594,0.447188,0.525712,-0.723594,0.447188,-0.525712,0.276376,0.447188,-0.850642,0,1,0],
    "name":"IcosphereGeometry"
}